id,type,data,selected,parent_id,branch_level,child_id,child_index,child_count,ch_input_id,ch_output_id,ch_last_updated,average,interval,aux_a_x,aux_a_y,aux_a_z,aux_b_x,aux_b_y,aux_b_z,color_shift,rotate_vec_x,rotate_vec_y,rotate_vec_z,rotate_vec_s,scale_x,scale_y,scale_z,translate_x,translate_y,translate_z,tag_offset_x,tag_offset_y,tag_offset_z,rotate_rate_x,rotate_rate_y,rotate_rate_z,rotate_x,rotate_y,rotate_z,scale_rate_x,scale_rate_y,scale_rate_z,translate_rate_x,translate_rate_y,translate_rate_z,translate_vec_x,translate_vec_y,translate_vec_z,shader,geometry,line_width,point_size,ratio,color_index,color_r,color_g,color_b,color_a,color_fade,texture_id,hide,freeze,topo,facet,auto_zoom_x,auto_zoom_y,auto_zoom_z,trigger_hi_x,trigger_hi_y,trigger_hi_z,trigger_lo_x,trigger_lo_y,trigger_lo_z,set_hi_x,set_hi_y,set_hi_z,set_lo_x,set_lo_y,set_lo_z,proximity_x,proximity_y,proximity_z,proximity_mode_x,proximity_mode_y,proximity_mode_z,segments_x,segments_y,segments_z,tag_mode,format_id,table_id,record_id,size
1,0,1,0,0,0,1,0,0,0,0,0,0,1,0,0,0,0,0,0,0,0,0,0,1,1,1,1,0,0,0,0,0,1,0,0,0,0,0,0,0,0,0,0,0,0,0,0,0,0,0,1,0,0.1,0,50,101,101,255,0,0,0,0,0,0,0,0,0,0,0,0,0,0,1,0,0,0,0,0,0,0,0,0,0,0,0,16,16,0,0,0,0,0,420
2,1,2,0,0,0,2,2,3,0,0,0,0,1,0,0,0,0,0,0,0,0,0.008645,0.825266,-0.564678,1,1,1,-32.446629,-180.908295,143.514175,0,0,1,0,0,0,55.620094,0.600200,0,0,0,0,0,0,0,0,0,0,0,0,1,0,0.1,0,50,101,101,255,0,0,0,0,0,0,0,0,0,0,0,0,0,0,0,0,0,0,0,0,0,214.306686,0,0,0,0,0,16,16,0,0,0,0,0,420
3,1,3,0,2,1,3,0,0,0,0,0,0,1,0,0,0,0,0,0,0,0,0,0,-1,1,1,1,-0.500000,0,571.750000,0,0,1,0,0,0,0,0,0,0,0,0,0,0,0,0,0,0,0,0,1,0,0.1,0,50,101,101,255,0,0,0,0,0,0,0,0,0,0,0,0,0,0,0,0,0,0,0,0,0,0,0,0,0,0,0,16,16,0,0,0,0,0,420
4,1,4,0,2,1,4,0,0,0,0,0,0,1,0,0,0,0,0,0,0,0,0,1,-0,1,1,1,0,-90,7,0,0,1,0,0,0,90,0,0,0,0,0,0,0,0,0,0,0,0,0,1,0,0.1,0,50,101,101,255,0,0,0,0,0,0,0,0,0,0,0,0,0,0,0,0,0,0,0,0,0,0,0,0,0,0,0,16,16,0,0,0,0,0,420
5,1,5,0,2,1,5,0,0,0,0,0,0,1,0,0,0,0,0,0,0,0,-1,-0,-0,1,1,1,85,0,7,0,0,1,0,0,0,90,270,0,0,0,0,0,0,0,-0,0,0,0,0,1,0,0.1,0,50,101,101,255,0,0,0,0,0,0,0,0,0,0,0,0,0,0,0,0,0,0,0,0,0,0,0,0,0,0,0,16,16,0,0,0,0,0,420
6,6,6,1,0,0,0,1,0,0,0,0,0,1,0,0,0,0,0,0,0,0,0,0,0,1,1,1,0,0,0,0,0,1,0,0,0,0,0,0,0,0,0,0,0,0,0,0,0,0,0,1,0,0.1,3,0,0,255,150,0,0,0,0,0,0,0,0,0,0,0,0,0,0,0,0,0,0,0,0,0,0,0,0,0,0,0,12,6,0,0,0,0,0,420
7,5,7,0,0,0,7,0,5,0,0,0,0,1,0,0,0,0,0,0,0,0,0,0,1,2.5,2.5,2.5,0,0,0,0,0,0,0,0,0,0,0,0,0,0,0,0,0,0,0,0,0,0,0,1,0,0.1,0,50,101,101,100,0,0,0,0,0,0,0,0,0,0,0,0,0,0,1,0,0,0,0,0,0,0,0,0,0,0,0,16,16,0,0,0,0,7,420
8,5,8,0,7,1,8,0,0,0,0,0,0,1,0,0,0,0,0,0,0,0,0,0,1,0.9090909090909095,0.9090909090909095,0.9090909090909095,0,0,0,0,0,0,0,0,0,0,0,0,0,0,0,0,0,0,0,0,0,0,5,1,0,0.1,4,255,255,0,100,0,0,0,0,4,0,0,0,0,0,0,0,0,0,1,0,0,0,0,0,0,0,0,0,0,0,0,16,16,0,0,0,0,8,420
9,5,9,0,7,1,9,0,0,0,0,0,0,1,0,0,0,0,0,0,0,0,0,0,1,5,5,5,0,0,0,0,0,0,0,0,0,0,0,0,0,0,0,0,0,0,0,0,0,0,5,1,0,0.1,4,255,255,0,100,0,0,0,0,4,0,0,0,0,0,0,0,0,0,1,0,0,0,0,0,0,0,0,0,0,0,0,16,16,0,0,0,0,9,420
10,5,10,0,7,1,10,0,0,0,0,0,0,1,0,0,0,0,0,0,0,0,0,0,1,1.1971830985915486,1.1971830985915486,1.1971830985915486,0,0,0,0,0,0,0,0,0,0,0,0,0,0,0,0,0,0,0,0,0,0,5,1,0,0.1,4,255,255,0,100,0,0,0,0,4,0,0,0,0,0,0,0,0,0,1,0,0,0,0,0,0,0,0,0,0,0,0,16,16,0,0,0,0,10,420
11,5,11,0,7,1,11,0,0,0,0,0,0,1,0,0,0,0,0,0,0,0,0,0,1,0.6122448979591835,0.6122448979591835,0.6122448979591835,0,0,0,0,0,0,0,0,0,0,0,0,0,0,0,0,0,0,0,0,0,0,5,1,0,0.1,4,255,255,0,100,0,0,0,0,4,0,0,0,0,0,0,0,0,0,1,0,0,0,0,0,0,0,0,0,0,0,0,16,16,0,0,0,0,11,420
12,5,12,0,7,1,12,0,0,0,0,0,0,1,0,0,0,0,0,0,0,0,0,0,1,1.397058823529412,1.397058823529412,1.397058823529412,0,0,0,0,0,0,0,0,0,0,0,0,0,0,0,0,0,0,0,0,0,0,5,1,0,0.1,4,255,255,0,100,0,0,0,0,4,0,0,0,0,0,0,0,0,0,1,0,0,0,0,0,0,0,0,0,0,0,0,16,16,0,0,0,0,12,420
13,5,13,0,0,0,13,0,5,0,0,0,0,1,0,0,0,0,0,0,0,0,0,0,1,2.5,2.5,2.5,0,0,0,0,0,0,0,0,0,0,0,0,0,0,0,0,0,0,0,0,0,0,0,1,0,0.1,0,50,101,101,100,0,0,0,0,0,0,0,0,0,0,0,0,0,0,1,0,0,0,0,0,0,0,0,0,0,0,0,16,16,0,0,0,0,13,420
14,5,14,0,13,1,14,0,0,0,0,0,0,1,0,0,0,0,0,0,0,0,0,0,1,4.716981132075471,4.716981132075471,4.716981132075471,0,0,0,0,0,0,0,0,0,0,0,0,0,0,0,0,0,0,0,0,0,0,8,1,0,0.1,1,0,255,0,100,0,0,0,0,3,0,0,0,0,0,0,0,0,0,1,0,0,0,0,0,0,0,0,0,0,0,0,16,16,0,0,0,0,14,420
15,5,15,0,13,1,15,0,0,0,0,0,0,1,0,0,0,0,0,0,0,0,0,0,1,3.1547619047619055,3.1547619047619055,3.1547619047619055,0,0,0,0,0,0,0,0,0,0,0,0,0,0,0,0,0,0,0,0,0,0,8,1,0,0.1,1,0,255,0,100,0,0,0,0,3,0,0,0,0,0,0,0,0,0,1,0,0,0,0,0,0,0,0,0,0,0,0,16,16,0,0,0,0,15,420
16,5,16,0,13,1,16,0,0,0,0,0,0,1,0,0,0,0,0,0,0,0,0,0,1,5,5,5,0,0,0,0,0,0,0,0,0,0,0,0,0,0,0,0,0,0,0,0,0,0,8,1,0,0.1,1,0,255,0,100,0,0,0,0,3,0,0,0,0,0,0,0,0,0,1,0,0,0,0,0,0,0,0,0,0,0,0,16,16,0,0,0,0,16,420
17,5,17,0,13,1,17,0,0,0,0,0,0,1,0,0,0,0,0,0,0,0,0,0,1,0.6666666666666669,0.6666666666666669,0.6666666666666669,0,0,0,0,0,0,0,0,0,0,0,0,0,0,0,0,0,0,0,0,0,0,8,1,0,0.1,1,0,255,0,100,0,0,0,0,3,0,0,0,0,0,0,0,0,0,1,0,0,0,0,0,0,0,0,0,0,0,0,16,16,0,0,0,0,17,420
18,5,18,0,13,1,18,0,0,0,0,0,0,1,0,0,0,0,0,0,0,0,0,0,1,0,0,0,0,0,0,0,0,0,0,0,0,0,0,0,0,0,0,0,0,0,0,0,0,0,8,1,0,0.1,1,0,255,0,100,0,0,0,0,3,0,0,0,0,0,0,0,0,0,1,0,0,0,0,0,0,0,0,0,0,0,0,16,16,0,0,0,0,18,420
19,5,19,0,0,0,19,0,4,0,0,0,0,1,0,0,0,0,0,0,0,0,0,0,1,2.5,2.5,2.5,0,0,0,0,0,0,0,0,0,0,0,0,0,0,0,0,0,0,0,0,0,0,0,1,0,0.1,0,50,101,101,100,0,0,0,0,0,0,0,0,0,0,0,0,0,0,1,0,0,0,0,0,0,0,0,0,0,0,0,16,16,0,0,0,0,19,420
20,5,20,0,19,1,20,0,0,0,0,0,0,1,0,0,0,0,0,0,0,0,0,0,1,5,5,5,0,0,0,0,0,0,0,0,0,0,0,0,0,0,0,0,0,0,0,0,0,0,2,1,0,0.1,2,255,0,0,100,0,0,0,0,2,0,0,0,0,0,0,0,0,0,1,0,0,0,0,0,0,0,0,0,0,0,0,16,16,0,0,0,0,20,420
21,5,21,0,19,1,21,0,0,0,0,0,0,1,0,0,0,0,0,0,0,0,0,0,1,3.277777777777777,3.277777777777777,3.277777777777777,0,0,0,0,0,0,0,0,0,0,0,0,0,0,0,0,0,0,0,0,0,0,2,1,0,0.1,2,255,0,0,100,0,0,0,0,2,0,0,0,0,0,0,0,0,0,1,0,0,0,0,0,0,0,0,0,0,0,0,16,16,0,0,0,0,21,420
22,5,22,0,19,1,22,0,0,0,0,0,0,1,0,0,0,0,0,0,0,0,0,0,1,0,0,0,0,0,0,0,0,0,0,0,0,0,0,0,0,0,0,0,0,0,0,0,0,0,2,1,0,0.1,2,255,0,0,100,0,0,0,0,2,0,0,0,0,0,0,0,0,0,1,0,0,0,0,0,0,0,0,0,0,0,0,16,16,0,0,0,0,22,420
23,5,23,0,19,1,23,0,0,0,0,0,0,1,0,0,0,0,0,0,0,0,0,0,1,0,0,0,0,0,0,0,0,0,0,0,0,0,0,0,0,0,0,0,0,0,0,0,0,0,2,1,0,0.1,2,255,0,0,100,0,0,0,0,2,0,0,0,0,0,0,0,0,0,1,0,0,0,0,0,0,0,0,0,0,0,0,16,16,0,0,0,0,23,420
24,5,24,0,0,0,24,0,4,0,0,0,0,1,0,0,0,0,0,0,0,0,0,0,1,2.5,2.5,2.5,0,0,0,0,0,0,0,0,0,0,0,0,0,0,0,0,0,0,0,0,0,0,0,1,0,0.1,0,50,101,101,100,0,0,0,0,0,0,0,0,0,0,0,0,0,0,1,0,0,0,0,0,0,0,0,0,0,0,0,16,16,0,0,0,0,24,420
25,5,25,0,24,1,25,0,0,0,0,0,0,1,0,0,0,0,0,0,0,0,0,0,1,0,0,0,0,0,0,0,0,0,0,0,0,0,0,0,0,0,0,0,0,0,0,0,0,0,0,1,0,0.1,7,0,255,255,100,0,0,0,0,1,0,0,0,0,0,0,0,0,0,1,0,0,0,0,0,0,0,0,0,0,0,0,16,16,0,0,0,0,25,420
26,5,26,0,24,1,26,0,0,0,0,0,0,1,0,0,0,0,0,0,0,0,0,0,1,5,5,5,0,0,0,0,0,0,0,0,0,0,0,0,0,0,0,0,0,0,0,0,0,0,0,1,0,0.1,7,0,255,255,100,0,0,0,0,1,0,0,0,0,0,0,0,0,0,1,0,0,0,0,0,0,0,0,0,0,0,0,16,16,0,0,0,0,26,420
27,5,27,0,24,1,27,0,0,0,0,0,0,1,0,0,0,0,0,0,0,0,0,0,1,5,5,5,0,0,0,0,0,0,0,0,0,0,0,0,0,0,0,0,0,0,0,0,0,0,0,1,0,0.1,7,0,255,255,100,0,0,0,0,1,0,0,0,0,0,0,0,0,0,1,0,0,0,0,0,0,0,0,0,0,0,0,16,16,0,0,0,0,27,420
28,5,28,0,24,1,28,0,0,0,0,0,0,1,0,0,0,0,0,0,0,0,0,0,1,5.000000000000001,5.000000000000001,5.000000000000001,0,0,0,0,0,0,0,0,0,0,0,0,0,0,0,0,0,0,0,0,0,0,0,1,0,0.1,7,0,255,255,100,0,0,0,0,1,0,0,0,0,0,0,0,0,0,1,0,0,0,0,0,0,0,0,0,0,0,0,16,16,0,0,0,0,28,420
29,5,29,0,0,0,29,0,4,0,0,0,0,1,0,0,0,0,0,0,0,0,0,0,1,2.5,2.5,2.5,0,0,0,0,0,0,0,0,0,0,0,0,0,0,0,0,0,0,0,0,0,0,0,1,0,0.1,0,50,101,101,100,0,0,0,0,0,0,0,0,0,0,0,0,0,0,1,0,0,0,0,0,0,0,0,0,0,0,0,16,16,0,0,0,0,29,420
30,5,30,0,29,1,30,0,0,0,0,0,0,1,0,0,0,0,0,0,0,0,0,0,1,0,0,0,0,0,0,0,0,0,0,0,0,0,0,0,0,0,0,0,0,0,0,0,0,0,9,1,0,0.1,8,255,0,255,100,0,0,0,0,3,0,0,0,0,0,0,0,0,0,1,0,0,0,0,0,0,0,0,0,0,0,0,16,16,0,0,0,0,30,420
31,5,31,0,29,1,31,0,0,0,0,0,0,1,0,0,0,0,0,0,0,0,0,0,1,0,0,0,0,0,0,0,0,0,0,0,0,0,0,0,0,0,0,0,0,0,0,0,0,0,9,1,0,0.1,8,255,0,255,100,0,0,0,0,3,0,0,0,0,0,0,0,0,0,1,0,0,0,0,0,0,0,0,0,0,0,0,16,16,0,0,0,0,31,420
32,5,32,0,29,1,32,0,0,0,0,0,0,1,0,0,0,0,0,0,0,0,0,0,1,5,5,5,0,0,0,0,0,0,0,0,0,0,0,0,0,0,0,0,0,0,0,0,0,0,9,1,0,0.1,8,255,0,255,100,0,0,0,0,3,0,0,0,0,0,0,0,0,0,1,0,0,0,0,0,0,0,0,0,0,0,0,16,16,0,0,0,0,32,420
33,5,33,0,29,1,33,0,0,0,0,0,0,1,0,0,0,0,0,0,0,0,0,0,1,5,5,5,0,0,0,0,0,0,0,0,0,0,0,0,0,0,0,0,0,0,0,0,0,0,9,1,0,0.1,8,255,0,255,100,0,0,0,0,3,0,0,0,0,0,0,0,0,0,1,0,0,0,0,0,0,0,0,0,0,0,0,16,16,0,0,0,0,33,420
34,5,34,0,0,0,34,0,3,0,0,0,0,1,0,0,0,0,0,0,0,0,0,0,1,2.5,2.5,2.5,0,0,0,0,0,0,0,0,0,0,0,0,0,0,0,0,0,0,0,0,0,0,0,1,0,0.1,0,50,101,101,100,0,0,0,0,0,0,0,0,0,0,0,0,0,0,1,0,0,0,0,0,0,0,0,0,0,0,0,16,16,0,0,0,0,34,420
35,5,35,0,34,1,35,0,0,0,0,0,0,1,0,0,0,0,0,0,0,0,0,0,1,0,0,0,0,0,0,0,0,0,0,0,0,0,0,0,0,0,0,0,0,0,0,0,0,0,6,1,0,0.1,12,0,152,255,100,0,0,0,0,2,0,0,0,0,0,0,0,0,0,1,0,0,0,0,0,0,0,0,0,0,0,0,16,16,0,0,0,0,35,420
36,5,36,0,34,1,36,0,0,0,0,0,0,1,0,0,0,0,0,0,0,0,0,0,1,0,0,0,0,0,0,0,0,0,0,0,0,0,0,0,0,0,0,0,0,0,0,0,0,0,6,1,0,0.1,12,0,152,255,100,0,0,0,0,2,0,0,0,0,0,0,0,0,0,1,0,0,0,0,0,0,0,0,0,0,0,0,16,16,0,0,0,0,36,420
37,5,37,0,34,1,37,0,0,0,0,0,0,1,0,0,0,0,0,0,0,0,0,0,1,5,5,5,0,0,0,0,0,0,0,0,0,0,0,0,0,0,0,0,0,0,0,0,0,0,6,1,0,0.1,12,0,152,255,100,0,0,0,0,2,0,0,0,0,0,0,0,0,0,1,0,0,0,0,0,0,0,0,0,0,0,0,16,16,0,0,0,0,37,420
38,5,38,0,0,0,38,0,5,0,0,0,0,1,0,0,0,0,0,0,0,0,0,0,1,2.5,2.5,2.5,0,0,20,0,0,0,0,0,0,0,0,0,0,0,0,0,0,0,0,0,0,0,0,1,0,0.1,0,50,101,101,100,0,0,0,0,0,0,0,0,0,0,0,0,0,0,1,0,0,0,0,0,0,0,0,0,0,0,0,16,16,0,0,0,0,38,420
39,5,39,0,38,1,39,0,0,0,0,0,0,1,0,0,0,0,0,0,0,0,0,0,1,2.1590909090909105,2.1590909090909105,2.1590909090909105,0,0,0,0,0,0,0,0,0,0,0,0,0,0,0,0,0,0,0,0,0,0,5,1,0,0.1,4,255,255,0,100,0,0,0,0,4,0,0,0,0,0,0,0,0,0,1,0,0,0,0,0,0,0,0,0,0,0,0,16,16,0,0,0,0,39,420
40,5,40,0,38,1,40,0,0,0,0,0,0,1,0,0,0,0,0,0,0,0,0,0,1,4.102564102564102,4.102564102564102,4.102564102564102,0,0,0,0,0,0,0,0,0,0,0,0,0,0,0,0,0,0,0,0,0,0,5,1,0,0.1,4,255,255,0,100,0,0,0,0,4,0,0,0,0,0,0,0,0,0,1,0,0,0,0,0,0,0,0,0,0,0,0,16,16,0,0,0,0,40,420
41,5,41,0,38,1,41,0,0,0,0,0,0,1,0,0,0,0,0,0,0,0,0,0,1,5,5,5,0,0,0,0,0,0,0,0,0,0,0,0,0,0,0,0,0,0,0,0,0,0,5,1,0,0.1,4,255,255,0,100,0,0,0,0,4,0,0,0,0,0,0,0,0,0,1,0,0,0,0,0,0,0,0,0,0,0,0,16,16,0,0,0,0,41,420
42,5,42,0,38,1,42,0,0,0,0,0,0,1,0,0,0,0,0,0,0,0,0,0,1,0,0,0,0,0,0,0,0,0,0,0,0,0,0,0,0,0,0,0,0,0,0,0,0,0,5,1,0,0.1,4,255,255,0,100,0,0,0,0,4,0,0,0,0,0,0,0,0,0,1,0,0,0,0,0,0,0,0,0,0,0,0,16,16,0,0,0,0,42,420
43,5,43,0,38,1,43,0,0,0,0,0,0,1,0,0,0,0,0,0,0,0,0,0,1,0,0,0,0,0,0,0,0,0,0,0,0,0,0,0,0,0,0,0,0,0,0,0,0,0,5,1,0,0.1,4,255,255,0,100,0,0,0,0,4,0,0,0,0,0,0,0,0,0,1,0,0,0,0,0,0,0,0,0,0,0,0,16,16,0,0,0,0,43,420
44,5,44,0,0,0,44,0,5,0,0,0,0,1,0,0,0,0,0,0,0,0,0,0,1,2.5,2.5,2.5,0,0,20,0,0,0,0,0,0,0,0,0,0,0,0,0,0,0,0,0,0,0,0,1,0,0.1,0,50,101,101,100,0,0,0,0,0,0,0,0,0,0,0,0,0,0,1,0,0,0,0,0,0,0,0,0,0,0,0,16,16,0,0,0,0,44,420
45,5,45,0,44,1,45,0,0,0,0,0,0,1,0,0,0,0,0,0,0,0,0,0,1,2.7358490566037745,2.7358490566037745,2.7358490566037745,0,0,0,0,0,0,0,0,0,0,0,0,0,0,0,0,0,0,0,0,0,0,8,1,0,0.1,1,0,255,0,100,0,0,0,0,3,0,0,0,0,0,0,0,0,0,1,0,0,0,0,0,0,0,0,0,0,0,0,16,16,0,0,0,0,45,420
46,5,46,0,44,1,46,0,0,0,0,0,0,1,0,0,0,0,0,0,0,0,0,0,1,5,5,5,0,0,0,0,0,0,0,0,0,0,0,0,0,0,0,0,0,0,0,0,0,0,8,1,0,0.1,1,0,255,0,100,0,0,0,0,3,0,0,0,0,0,0,0,0,0,1,0,0,0,0,0,0,0,0,0,0,0,0,16,16,0,0,0,0,46,420
47,5,47,0,44,1,47,0,0,0,0,0,0,1,0,0,0,0,0,0,0,0,0,0,1,3.510638297872339,3.510638297872339,3.510638297872339,0,0,0,0,0,0,0,0,0,0,0,0,0,0,0,0,0,0,0,0,0,0,8,1,0,0.1,1,0,255,0,100,0,0,0,0,3,0,0,0,0,0,0,0,0,0,1,0,0,0,0,0,0,0,0,0,0,0,0,16,16,0,0,0,0,47,420
48,5,48,0,44,1,48,0,0,0,0,0,0,1,0,0,0,0,0,0,0,0,0,0,1,0,0,0,0,0,0,0,0,0,0,0,0,0,0,0,0,0,0,0,0,0,0,0,0,0,8,1,0,0.1,1,0,255,0,100,0,0,0,0,3,0,0,0,0,0,0,0,0,0,1,0,0,0,0,0,0,0,0,0,0,0,0,16,16,0,0,0,0,48,420
49,5,49,0,44,1,49,0,0,0,0,0,0,1,0,0,0,0,0,0,0,0,0,0,1,0.4,0.4,0.4,0,0,0,0,0,0,0,0,0,0,0,0,0,0,0,0,0,0,0,0,0,0,8,1,0,0.1,1,0,255,0,100,0,0,0,0,3,0,0,0,0,0,0,0,0,0,1,0,0,0,0,0,0,0,0,0,0,0,0,16,16,0,0,0,0,49,420
50,5,50,0,0,0,50,0,4,0,0,0,0,1,0,0,0,0,0,0,0,0,0,0,1,2.5,2.5,2.5,0,0,20,0,0,0,0,0,0,0,0,0,0,0,0,0,0,0,0,0,0,0,0,1,0,0.1,0,50,101,101,100,0,0,0,0,0,0,0,0,0,0,0,0,0,0,1,0,0,0,0,0,0,0,0,0,0,0,0,16,16,0,0,0,0,50,420
51,5,51,0,50,1,51,0,0,0,0,0,0,1,0,0,0,0,0,0,0,0,0,0,1,3.151260504201681,3.151260504201681,3.151260504201681,0,0,0,0,0,0,0,0,0,0,0,0,0,0,0,0,0,0,0,0,0,0,2,1,0,0.1,2,255,0,0,100,0,0,0,0,2,0,0,0,0,0,0,0,0,0,1,0,0,0,0,0,0,0,0,0,0,0,0,16,16,0,0,0,0,51,420
52,5,52,0,50,1,52,0,0,0,0,0,0,1,0,0,0,0,0,0,0,0,0,0,1,5,5,5,0,0,0,0,0,0,0,0,0,0,0,0,0,0,0,0,0,0,0,0,0,0,2,1,0,0.1,2,255,0,0,100,0,0,0,0,2,0,0,0,0,0,0,0,0,0,1,0,0,0,0,0,0,0,0,0,0,0,0,16,16,0,0,0,0,52,420
53,5,53,0,50,1,53,0,0,0,0,0,0,1,0,0,0,0,0,0,0,0,0,0,1,0.32786885245901515,0.32786885245901515,0.32786885245901515,0,0,0,0,0,0,0,0,0,0,0,0,0,0,0,0,0,0,0,0,0,0,2,1,0,0.1,2,255,0,0,100,0,0,0,0,2,0,0,0,0,0,0,0,0,0,1,0,0,0,0,0,0,0,0,0,0,0,0,16,16,0,0,0,0,53,420
54,5,54,0,50,1,54,0,0,0,0,0,0,1,0,0,0,0,0,0,0,0,0,0,1,0.3846153846153848,0.3846153846153848,0.3846153846153848,0,0,0,0,0,0,0,0,0,0,0,0,0,0,0,0,0,0,0,0,0,0,2,1,0,0.1,2,255,0,0,100,0,0,0,0,2,0,0,0,0,0,0,0,0,0,1,0,0,0,0,0,0,0,0,0,0,0,0,16,16,0,0,0,0,54,420
55,5,55,0,0,0,55,0,4,0,0,0,0,1,0,0,0,0,0,0,0,0,0,0,1,2.5,2.5,2.5,0,0,20,0,0,0,0,0,0,0,0,0,0,0,0,0,0,0,0,0,0,0,0,1,0,0.1,0,50,101,101,100,0,0,0,0,0,0,0,0,0,0,0,0,0,0,1,0,0,0,0,0,0,0,0,0,0,0,0,16,16,0,0,0,0,55,420
56,5,56,0,55,1,56,0,0,0,0,0,0,1,0,0,0,0,0,0,0,0,0,0,1,1.7299578059071739,1.7299578059071739,1.7299578059071739,0,0,0,0,0,0,0,0,0,0,0,0,0,0,0,0,0,0,0,0,0,0,0,1,0,0.1,7,0,255,255,100,0,0,0,0,1,0,0,0,0,0,0,0,0,0,1,0,0,0,0,0,0,0,0,0,0,0,0,16,16,0,0,0,0,56,420
57,5,57,0,55,1,57,0,0,0,0,0,0,1,0,0,0,0,0,0,0,0,0,0,1,3.8073394495412836,3.8073394495412836,3.8073394495412836,0,0,0,0,0,0,0,0,0,0,0,0,0,0,0,0,0,0,0,0,0,0,0,1,0,0.1,7,0,255,255,100,0,0,0,0,1,0,0,0,0,0,0,0,0,0,1,0,0,0,0,0,0,0,0,0,0,0,0,16,16,0,0,0,0,57,420
58,5,58,0,55,1,58,0,0,0,0,0,0,1,0,0,0,0,0,0,0,0,0,0,1,3.2258064516129035,3.2258064516129035,3.2258064516129035,0,0,0,0,0,0,0,0,0,0,0,0,0,0,0,0,0,0,0,0,0,0,0,1,0,0.1,7,0,255,255,100,0,0,0,0,1,0,0,0,0,0,0,0,0,0,1,0,0,0,0,0,0,0,0,0,0,0,0,16,16,0,0,0,0,58,420
59,5,59,0,55,1,59,0,0,0,0,0,0,1,0,0,0,0,0,0,0,0,0,0,1,1.6666666666666663,1.6666666666666663,1.6666666666666663,0,0,0,0,0,0,0,0,0,0,0,0,0,0,0,0,0,0,0,0,0,0,0,1,0,0.1,7,0,255,255,100,0,0,0,0,1,0,0,0,0,0,0,0,0,0,1,0,0,0,0,0,0,0,0,0,0,0,0,16,16,0,0,0,0,59,420
60,5,60,0,0,0,60,0,4,0,0,0,0,1,0,0,0,0,0,0,0,0,0,0,1,2.5,2.5,2.5,0,0,20,0,0,0,0,0,0,0,0,0,0,0,0,0,0,0,0,0,0,0,0,1,0,0.1,0,50,101,101,100,0,0,0,0,0,0,0,0,0,0,0,0,0,0,1,0,0,0,0,0,0,0,0,0,0,0,0,16,16,0,0,0,0,60,420
61,5,61,0,60,1,61,0,0,0,0,0,0,1,0,0,0,0,0,0,0,0,0,0,1,2.9850746268656714,2.9850746268656714,2.9850746268656714,0,0,0,0,0,0,0,0,0,0,0,0,0,0,0,0,0,0,0,0,0,0,9,1,0,0.1,8,255,0,255,100,0,0,0,0,3,0,0,0,0,0,0,0,0,0,1,0,0,0,0,0,0,0,0,0,0,0,0,16,16,0,0,0,0,61,420
62,5,62,0,60,1,62,0,0,0,0,0,0,1,0,0,0,0,0,0,0,0,0,0,1,3.9062499999999987,3.9062499999999987,3.9062499999999987,0,0,0,0,0,0,0,0,0,0,0,0,0,0,0,0,0,0,0,0,0,0,9,1,0,0.1,8,255,0,255,100,0,0,0,0,3,0,0,0,0,0,0,0,0,0,1,0,0,0,0,0,0,0,0,0,0,0,0,16,16,0,0,0,0,62,420
63,5,63,0,60,1,63,0,0,0,0,0,0,1,0,0,0,0,0,0,0,0,0,0,1,0.689655172413791,0.689655172413791,0.689655172413791,0,0,0,0,0,0,0,0,0,0,0,0,0,0,0,0,0,0,0,0,0,0,9,1,0,0.1,8,255,0,255,100,0,0,0,0,3,0,0,0,0,0,0,0,0,0,1,0,0,0,0,0,0,0,0,0,0,0,0,16,16,0,0,0,0,63,420
64,5,64,0,60,1,64,0,0,0,0,0,0,1,0,0,0,0,0,0,0,0,0,0,1,2.0454545454545454,2.0454545454545454,2.0454545454545454,0,0,0,0,0,0,0,0,0,0,0,0,0,0,0,0,0,0,0,0,0,0,9,1,0,0.1,8,255,0,255,100,0,0,0,0,3,0,0,0,0,0,0,0,0,0,1,0,0,0,0,0,0,0,0,0,0,0,0,16,16,0,0,0,0,64,420
65,5,65,0,0,0,65,0,3,0,0,0,0,1,0,0,0,0,0,0,0,0,0,0,1,2.5,2.5,2.5,0,0,20,0,0,0,0,0,0,0,0,0,0,0,0,0,0,0,0,0,0,0,0,1,0,0.1,0,50,101,101,100,0,0,0,0,0,0,0,0,0,0,0,0,0,0,1,0,0,0,0,0,0,0,0,0,0,0,0,16,16,0,0,0,0,65,420
66,5,66,0,65,1,66,0,0,0,0,0,0,1,0,0,0,0,0,0,0,0,0,0,1,1.9897959183673468,1.9897959183673468,1.9897959183673468,0,0,0,0,0,0,0,0,0,0,0,0,0,0,0,0,0,0,0,0,0,0,6,1,0,0.1,12,0,152,255,100,0,0,0,0,2,0,0,0,0,0,0,0,0,0,1,0,0,0,0,0,0,0,0,0,0,0,0,16,16,0,0,0,0,66,420
67,5,67,0,65,1,67,0,0,0,0,0,0,1,0,0,0,0,0,0,0,0,0,0,1,3.0952380952380953,3.0952380952380953,3.0952380952380953,0,0,0,0,0,0,0,0,0,0,0,0,0,0,0,0,0,0,0,0,0,0,6,1,0,0.1,12,0,152,255,100,0,0,0,0,2,0,0,0,0,0,0,0,0,0,1,0,0,0,0,0,0,0,0,0,0,0,0,16,16,0,0,0,0,67,420
68,5,68,0,65,1,68,0,0,0,0,0,0,1,0,0,0,0,0,0,0,0,0,0,1,2.3499999999999988,2.3499999999999988,2.3499999999999988,0,0,0,0,0,0,0,0,0,0,0,0,0,0,0,0,0,0,0,0,0,0,6,1,0,0.1,12,0,152,255,100,0,0,0,0,2,0,0,0,0,0,0,0,0,0,1,0,0,0,0,0,0,0,0,0,0,0,0,16,16,0,0,0,0,68,420
69,5,69,0,0,0,69,0,5,0,0,0,0,1,0,0,0,0,0,0,0,0,0,0,1,2.5,2.5,2.5,0,20,3.6575881433572066,0,0,0,0,0,0,0,0,0,0,0,0,0,0,0,0,0,0,0,0,1,0,0.1,0,50,101,101,100,0,0,0,0,0,0,0,0,0,0,0,0,0,0,1,0,0,0,0,0,0,0,0,0,0,0,0,16,16,0,0,0,0,69,420
70,5,70,0,69,1,70,0,0,0,0,0,0,1,0,0,0,0,0,0,0,0,0,0,1,5,5,5,0,0,0,0,0,0,0,0,0,0,0,0,0,0,0,0,0,0,0,0,0,0,5,1,0,0.1,4,255,255,0,100,0,0,0,0,4,0,0,0,0,0,0,0,0,0,1,0,0,0,0,0,0,0,0,0,0,0,0,16,16,0,0,0,0,70,420
71,5,71,0,69,1,71,0,0,0,0,0,0,1,0,0,0,0,0,0,0,0,0,0,1,2.6068376068376065,2.6068376068376065,2.6068376068376065,0,0,0,0,0,0,0,0,0,0,0,0,0,0,0,0,0,0,0,0,0,0,5,1,0,0.1,4,255,255,0,100,0,0,0,0,4,0,0,0,0,0,0,0,0,0,1,0,0,0,0,0,0,0,0,0,0,0,0,16,16,0,0,0,0,71,420
72,5,72,0,69,1,72,0,0,0,0,0,0,1,0,0,0,0,0,0,0,0,0,0,1,3.450704225352111,3.450704225352111,3.450704225352111,0,0,0,0,0,0,0,0,0,0,0,0,0,0,0,0,0,0,0,0,0,0,5,1,0,0.1,4,255,255,0,100,0,0,0,0,4,0,0,0,0,0,0,0,0,0,1,0,0,0,0,0,0,0,0,0,0,0,0,16,16,0,0,0,0,72,420
73,5,73,0,69,1,73,0,0,0,0,0,0,1,0,0,0,0,0,0,0,0,0,0,1,1.224489795918367,1.224489795918367,1.224489795918367,0,0,0,0,0,0,0,0,0,0,0,0,0,0,0,0,0,0,0,0,0,0,5,1,0,0.1,4,255,255,0,100,0,0,0,0,4,0,0,0,0,0,0,0,0,0,1,0,0,0,0,0,0,0,0,0,0,0,0,16,16,0,0,0,0,73,420
74,5,74,0,69,1,74,0,0,0,0,0,0,1,0,0,0,0,0,0,0,0,0,0,1,0.7352941176470588,0.7352941176470588,0.7352941176470588,0,0,0,0,0,0,0,0,0,0,0,0,0,0,0,0,0,0,0,0,0,0,5,1,0,0.1,4,255,255,0,100,0,0,0,0,4,0,0,0,0,0,0,0,0,0,1,0,0,0,0,0,0,0,0,0,0,0,0,16,16,0,0,0,0,74,420
75,5,75,0,0,0,75,0,5,0,0,0,0,1,0,0,0,0,0,0,0,0,0,0,1,2.5,2.5,2.5,0,20,3.6575881433572066,0,0,0,0,0,0,0,0,0,0,0,0,0,0,0,0,0,0,0,0,1,0,0.1,0,50,101,101,100,0,0,0,0,0,0,0,0,0,0,0,0,0,0,1,0,0,0,0,0,0,0,0,0,0,0,0,16,16,0,0,0,0,75,420
76,5,76,0,75,1,76,0,0,0,0,0,0,1,0,0,0,0,0,0,0,0,0,0,1,5,5,5,0,0,0,0,0,0,0,0,0,0,0,0,0,0,0,0,0,0,0,0,0,0,8,1,0,0.1,1,0,255,0,100,0,0,0,0,3,0,0,0,0,0,0,0,0,0,1,0,0,0,0,0,0,0,0,0,0,0,0,16,16,0,0,0,0,76,420
77,5,77,0,75,1,77,0,0,0,0,0,0,1,0,0,0,0,0,0,0,0,0,0,1,3.273809523809524,3.273809523809524,3.273809523809524,0,0,0,0,0,0,0,0,0,0,0,0,0,0,0,0,0,0,0,0,0,0,8,1,0,0.1,1,0,255,0,100,0,0,0,0,3,0,0,0,0,0,0,0,0,0,1,0,0,0,0,0,0,0,0,0,0,0,0,16,16,0,0,0,0,77,420
78,5,78,0,75,1,78,0,0,0,0,0,0,1,0,0,0,0,0,0,0,0,0,0,1,3.7234042553191466,3.7234042553191466,3.7234042553191466,0,0,0,0,0,0,0,0,0,0,0,0,0,0,0,0,0,0,0,0,0,0,8,1,0,0.1,1,0,255,0,100,0,0,0,0,3,0,0,0,0,0,0,0,0,0,1,0,0,0,0,0,0,0,0,0,0,0,0,16,16,0,0,0,0,78,420
79,5,79,0,75,1,79,0,0,0,0,0,0,1,0,0,0,0,0,0,0,0,0,0,1,1.4999999999999998,1.4999999999999998,1.4999999999999998,0,0,0,0,0,0,0,0,0,0,0,0,0,0,0,0,0,0,0,0,0,0,8,1,0,0.1,1,0,255,0,100,0,0,0,0,3,0,0,0,0,0,0,0,0,0,1,0,0,0,0,0,0,0,0,0,0,0,0,16,16,0,0,0,0,79,420
80,5,80,0,75,1,80,0,0,0,0,0,0,1,0,0,0,0,0,0,0,0,0,0,1,0.12000000000000029,0.12000000000000029,0.12000000000000029,0,0,0,0,0,0,0,0,0,0,0,0,0,0,0,0,0,0,0,0,0,0,8,1,0,0.1,1,0,255,0,100,0,0,0,0,3,0,0,0,0,0,0,0,0,0,1,0,0,0,0,0,0,0,0,0,0,0,0,16,16,0,0,0,0,80,420
81,5,81,0,0,0,81,0,4,0,0,0,0,1,0,0,0,0,0,0,0,0,0,0,1,2.5,2.5,2.5,0,20,3.6575881433572066,0,0,0,0,0,0,0,0,0,0,0,0,0,0,0,0,0,0,0,0,1,0,0.1,0,50,101,101,100,0,0,0,0,0,0,0,0,0,0,0,0,0,0,1,0,0,0,0,0,0,0,0,0,0,0,0,16,16,0,0,0,0,81,420
82,5,82,0,81,1,82,0,0,0,0,0,0,1,0,0,0,0,0,0,0,0,0,0,1,2.016806722689076,2.016806722689076,2.016806722689076,0,0,0,0,0,0,0,0,0,0,0,0,0,0,0,0,0,0,0,0,0,0,2,1,0,0.1,2,255,0,0,100,0,0,0,0,2,0,0,0,0,0,0,0,0,0,1,0,0,0,0,0,0,0,0,0,0,0,0,16,16,0,0,0,0,82,420
83,5,83,0,81,1,83,0,0,0,0,0,0,1,0,0,0,0,0,0,0,0,0,0,1,2.944444444444443,2.944444444444443,2.944444444444443,0,0,0,0,0,0,0,0,0,0,0,0,0,0,0,0,0,0,0,0,0,0,2,1,0,0.1,2,255,0,0,100,0,0,0,0,2,0,0,0,0,0,0,0,0,0,1,0,0,0,0,0,0,0,0,0,0,0,0,16,16,0,0,0,0,83,420
84,5,84,0,81,1,84,0,0,0,0,0,0,1,0,0,0,0,0,0,0,0,0,0,1,1.6393442622950816,1.6393442622950816,1.6393442622950816,0,0,0,0,0,0,0,0,0,0,0,0,0,0,0,0,0,0,0,0,0,0,2,1,0,0.1,2,255,0,0,100,0,0,0,0,2,0,0,0,0,0,0,0,0,0,1,0,0,0,0,0,0,0,0,0,0,0,0,16,16,0,0,0,0,84,420
85,5,85,0,81,1,85,0,0,0,0,0,0,1,0,0,0,0,0,0,0,0,0,0,1,2.4358974358974357,2.4358974358974357,2.4358974358974357,0,0,0,0,0,0,0,0,0,0,0,0,0,0,0,0,0,0,0,0,0,0,2,1,0,0.1,2,255,0,0,100,0,0,0,0,2,0,0,0,0,0,0,0,0,0,1,0,0,0,0,0,0,0,0,0,0,0,0,16,16,0,0,0,0,85,420
86,5,86,0,0,0,86,0,4,0,0,0,0,1,0,0,0,0,0,0,0,0,0,0,1,2.5,2.5,2.5,0,20,3.6575881433572066,0,0,0,0,0,0,0,0,0,0,0,0,0,0,0,0,0,0,0,0,1,0,0.1,0,50,101,101,100,0,0,0,0,0,0,0,0,0,0,0,0,0,0,1,0,0,0,0,0,0,0,0,0,0,0,0,16,16,0,0,0,0,86,420
87,5,87,0,86,1,87,0,0,0,0,0,0,1,0,0,0,0,0,0,0,0,0,0,1,3.3755274261603394,3.3755274261603394,3.3755274261603394,0,0,0,0,0,0,0,0,0,0,0,0,0,0,0,0,0,0,0,0,0,0,0,1,0,0.1,7,0,255,255,100,0,0,0,0,1,0,0,0,0,0,0,0,0,0,1,0,0,0,0,0,0,0,0,0,0,0,0,16,16,0,0,0,0,87,420
88,5,88,0,86,1,88,0,0,0,0,0,0,1,0,0,0,0,0,0,0,0,0,0,1,2.339449541284404,2.339449541284404,2.339449541284404,0,0,0,0,0,0,0,0,0,0,0,0,0,0,0,0,0,0,0,0,0,0,0,1,0,0.1,7,0,255,255,100,0,0,0,0,1,0,0,0,0,0,0,0,0,0,1,0,0,0,0,0,0,0,0,0,0,0,0,16,16,0,0,0,0,88,420
89,5,89,0,86,1,89,0,0,0,0,0,0,1,0,0,0,0,0,0,0,0,0,0,1,1.0215053763440862,1.0215053763440862,1.0215053763440862,0,0,0,0,0,0,0,0,0,0,0,0,0,0,0,0,0,0,0,0,0,0,0,1,0,0.1,7,0,255,255,100,0,0,0,0,1,0,0,0,0,0,0,0,0,0,1,0,0,0,0,0,0,0,0,0,0,0,0,16,16,0,0,0,0,89,420
90,5,90,0,86,1,90,0,0,0,0,0,0,1,0,0,0,0,0,0,0,0,0,0,1,1.111111111111111,1.111111111111111,1.111111111111111,0,0,0,0,0,0,0,0,0,0,0,0,0,0,0,0,0,0,0,0,0,0,0,1,0,0.1,7,0,255,255,100,0,0,0,0,1,0,0,0,0,0,0,0,0,0,1,0,0,0,0,0,0,0,0,0,0,0,0,16,16,0,0,0,0,90,420
91,5,91,0,0,0,91,0,4,0,0,0,0,1,0,0,0,0,0,0,0,0,0,0,1,2.5,2.5,2.5,0,20,3.6575881433572066,0,0,0,0,0,0,0,0,0,0,0,0,0,0,0,0,0,0,0,0,1,0,0.1,0,50,101,101,100,0,0,0,0,0,0,0,0,0,0,0,0,0,0,1,0,0,0,0,0,0,0,0,0,0,0,0,16,16,0,0,0,0,91,420
92,5,92,0,91,1,92,0,0,0,0,0,0,1,0,0,0,0,0,0,0,0,0,0,1,5,5,5,0,0,0,0,0,0,0,0,0,0,0,0,0,0,0,0,0,0,0,0,0,0,9,1,0,0.1,8,255,0,255,100,0,0,0,0,3,0,0,0,0,0,0,0,0,0,1,0,0,0,0,0,0,0,0,0,0,0,0,16,16,0,0,0,0,92,420
93,5,93,0,91,1,93,0,0,0,0,0,0,1,0,0,0,0,0,0,0,0,0,0,1,5.000000000000001,5.000000000000001,5.000000000000001,0,0,0,0,0,0,0,0,0,0,0,0,0,0,0,0,0,0,0,0,0,0,9,1,0,0.1,8,255,0,255,100,0,0,0,0,3,0,0,0,0,0,0,0,0,0,1,0,0,0,0,0,0,0,0,0,0,0,0,16,16,0,0,0,0,93,420
94,5,94,0,91,1,94,0,0,0,0,0,0,1,0,0,0,0,0,0,0,0,0,0,1,1.2068965517241312,1.2068965517241312,1.2068965517241312,0,0,0,0,0,0,0,0,0,0,0,0,0,0,0,0,0,0,0,0,0,0,9,1,0,0.1,8,255,0,255,100,0,0,0,0,3,0,0,0,0,0,0,0,0,0,1,0,0,0,0,0,0,0,0,0,0,0,0,16,16,0,0,0,0,94,420
95,5,95,0,91,1,95,0,0,0,0,0,0,1,0,0,0,0,0,0,0,0,0,0,1,0,0,0,0,0,0,0,0,0,0,0,0,0,0,0,0,0,0,0,0,0,0,0,0,0,9,1,0,0.1,8,255,0,255,100,0,0,0,0,3,0,0,0,0,0,0,0,0,0,1,0,0,0,0,0,0,0,0,0,0,0,0,16,16,0,0,0,0,95,420
96,5,96,0,0,0,96,0,3,0,0,0,0,1,0,0,0,0,0,0,0,0,0,0,1,2.5,2.5,2.5,0,20,3.6575881433572066,0,0,0,0,0,0,0,0,0,0,0,0,0,0,0,0,0,0,0,0,1,0,0.1,0,50,101,101,100,0,0,0,0,0,0,0,0,0,0,0,0,0,0,1,0,0,0,0,0,0,0,0,0,0,0,0,16,16,0,0,0,0,96,420
97,5,97,0,96,1,97,0,0,0,0,0,0,1,0,0,0,0,0,0,0,0,0,0,1,5,5,5,0,0,0,0,0,0,0,0,0,0,0,0,0,0,0,0,0,0,0,0,0,0,6,1,0,0.1,12,0,152,255,100,0,0,0,0,2,0,0,0,0,0,0,0,0,0,1,0,0,0,0,0,0,0,0,0,0,0,0,16,16,0,0,0,0,97,420
98,5,98,0,96,1,98,0,0,0,0,0,0,1,0,0,0,0,0,0,0,0,0,0,1,5,5,5,0,0,0,0,0,0,0,0,0,0,0,0,0,0,0,0,0,0,0,0,0,0,6,1,0,0.1,12,0,152,255,100,0,0,0,0,2,0,0,0,0,0,0,0,0,0,1,0,0,0,0,0,0,0,0,0,0,0,0,16,16,0,0,0,0,98,420
99,5,99,0,96,1,99,0,0,0,0,0,0,1,0,0,0,0,0,0,0,0,0,0,1,0,0,0,0,0,0,0,0,0,0,0,0,0,0,0,0,0,0,0,0,0,0,0,0,0,6,1,0,0.1,12,0,152,255,100,0,0,0,0,2,0,0,0,0,0,0,0,0,0,1,0,0,0,0,0,0,0,0,0,0,0,0,16,16,0,0,0,0,99,420
100,5,100,0,0,0,100,0,5,0,0,0,0,1,0,0,0,0,0,0,0,0,0,0,1,2.5,2.5,2.5,0,20,23.657588143357206,0,0,0,0,0,0,0,0,0,0,0,0,0,0,0,0,0,0,0,0,1,0,0.1,0,50,101,101,100,0,0,0,0,0,0,0,0,0,0,0,0,0,0,1,0,0,0,0,0,0,0,0,0,0,0,0,16,16,0,0,0,0,100,420
101,5,101,0,100,1,101,0,0,0,0,0,0,1,0,0,0,0,0,0,0,0,0,0,1,0,0,0,0,0,0,0,0,0,0,0,0,0,0,0,0,0,0,0,0,0,0,0,0,0,5,1,0,0.1,4,255,255,0,100,0,0,0,0,4,0,0,0,0,0,0,0,0,0,1,0,0,0,0,0,0,0,0,0,0,0,0,16,16,0,0,0,0,101,420
102,5,102,0,100,1,102,0,0,0,0,0,0,1,0,0,0,0,0,0,0,0,0,0,1,0,0,0,0,0,0,0,0,0,0,0,0,0,0,0,0,0,0,0,0,0,0,0,0,0,5,1,0,0.1,4,255,255,0,100,0,0,0,0,4,0,0,0,0,0,0,0,0,0,1,0,0,0,0,0,0,0,0,0,0,0,0,16,16,0,0,0,0,102,420
103,5,103,0,100,1,103,0,0,0,0,0,0,1,0,0,0,0,0,0,0,0,0,0,1,0,0,0,0,0,0,0,0,0,0,0,0,0,0,0,0,0,0,0,0,0,0,0,0,0,5,1,0,0.1,4,255,255,0,100,0,0,0,0,4,0,0,0,0,0,0,0,0,0,1,0,0,0,0,0,0,0,0,0,0,0,0,16,16,0,0,0,0,103,420
104,5,104,0,100,1,104,0,0,0,0,0,0,1,0,0,0,0,0,0,0,0,0,0,1,5,5,5,0,0,0,0,0,0,0,0,0,0,0,0,0,0,0,0,0,0,0,0,0,0,5,1,0,0.1,4,255,255,0,100,0,0,0,0,4,0,0,0,0,0,0,0,0,0,1,0,0,0,0,0,0,0,0,0,0,0,0,16,16,0,0,0,0,104,420
105,5,105,0,100,1,105,0,0,0,0,0,0,1,0,0,0,0,0,0,0,0,0,0,1,4.999999999999999,4.999999999999999,4.999999999999999,0,0,0,0,0,0,0,0,0,0,0,0,0,0,0,0,0,0,0,0,0,0,5,1,0,0.1,4,255,255,0,100,0,0,0,0,4,0,0,0,0,0,0,0,0,0,1,0,0,0,0,0,0,0,0,0,0,0,0,16,16,0,0,0,0,105,420
106,5,106,0,0,0,106,0,5,0,0,0,0,1,0,0,0,0,0,0,0,0,0,0,1,2.5,2.5,2.5,0,20,23.657588143357206,0,0,0,0,0,0,0,0,0,0,0,0,0,0,0,0,0,0,0,0,1,0,0.1,0,50,101,101,100,0,0,0,0,0,0,0,0,0,0,0,0,0,0,1,0,0,0,0,0,0,0,0,0,0,0,0,16,16,0,0,0,0,106,420
107,5,107,0,106,1,107,0,0,0,0,0,0,1,0,0,0,0,0,0,0,0,0,0,1,0,0,0,0,0,0,0,0,0,0,0,0,0,0,0,0,0,0,0,0,0,0,0,0,0,8,1,0,0.1,1,0,255,0,100,0,0,0,0,3,0,0,0,0,0,0,0,0,0,1,0,0,0,0,0,0,0,0,0,0,0,0,16,16,0,0,0,0,107,420
108,5,108,0,106,1,108,0,0,0,0,0,0,1,0,0,0,0,0,0,0,0,0,0,1,0,0,0,0,0,0,0,0,0,0,0,0,0,0,0,0,0,0,0,0,0,0,0,0,0,8,1,0,0.1,1,0,255,0,100,0,0,0,0,3,0,0,0,0,0,0,0,0,0,1,0,0,0,0,0,0,0,0,0,0,0,0,16,16,0,0,0,0,108,420
109,5,109,0,106,1,109,0,0,0,0,0,0,1,0,0,0,0,0,0,0,0,0,0,1,0,0,0,0,0,0,0,0,0,0,0,0,0,0,0,0,0,0,0,0,0,0,0,0,0,8,1,0,0.1,1,0,255,0,100,0,0,0,0,3,0,0,0,0,0,0,0,0,0,1,0,0,0,0,0,0,0,0,0,0,0,0,16,16,0,0,0,0,109,420
110,5,110,0,106,1,110,0,0,0,0,0,0,1,0,0,0,0,0,0,0,0,0,0,1,5,5,5,0,0,0,0,0,0,0,0,0,0,0,0,0,0,0,0,0,0,0,0,0,0,8,1,0,0.1,1,0,255,0,100,0,0,0,0,3,0,0,0,0,0,0,0,0,0,1,0,0,0,0,0,0,0,0,0,0,0,0,16,16,0,0,0,0,110,420
111,5,111,0,106,1,111,0,0,0,0,0,0,1,0,0,0,0,0,0,0,0,0,0,1,5,5,5,0,0,0,0,0,0,0,0,0,0,0,0,0,0,0,0,0,0,0,0,0,0,8,1,0,0.1,1,0,255,0,100,0,0,0,0,3,0,0,0,0,0,0,0,0,0,1,0,0,0,0,0,0,0,0,0,0,0,0,16,16,0,0,0,0,111,420
112,5,112,0,0,0,112,0,4,0,0,0,0,1,0,0,0,0,0,0,0,0,0,0,1,2.5,2.5,2.5,0,20,23.657588143357206,0,0,0,0,0,0,0,0,0,0,0,0,0,0,0,0,0,0,0,0,1,0,0.1,0,50,101,101,100,0,0,0,0,0,0,0,0,0,0,0,0,0,0,1,0,0,0,0,0,0,0,0,0,0,0,0,16,16,0,0,0,0,112,420
113,5,113,0,112,1,113,0,0,0,0,0,0,1,0,0,0,0,0,0,0,0,0,0,1,0,0,0,0,0,0,0,0,0,0,0,0,0,0,0,0,0,0,0,0,0,0,0,0,0,2,1,0,0.1,2,255,0,0,100,0,0,0,0,2,0,0,0,0,0,0,0,0,0,1,0,0,0,0,0,0,0,0,0,0,0,0,16,16,0,0,0,0,113,420
114,5,114,0,112,1,114,0,0,0,0,0,0,1,0,0,0,0,0,0,0,0,0,0,1,0,0,0,0,0,0,0,0,0,0,0,0,0,0,0,0,0,0,0,0,0,0,0,0,0,2,1,0,0.1,2,255,0,0,100,0,0,0,0,2,0,0,0,0,0,0,0,0,0,1,0,0,0,0,0,0,0,0,0,0,0,0,16,16,0,0,0,0,114,420
115,5,115,0,112,1,115,0,0,0,0,0,0,1,0,0,0,0,0,0,0,0,0,0,1,5,5,5,0,0,0,0,0,0,0,0,0,0,0,0,0,0,0,0,0,0,0,0,0,0,2,1,0,0.1,2,255,0,0,100,0,0,0,0,2,0,0,0,0,0,0,0,0,0,1,0,0,0,0,0,0,0,0,0,0,0,0,16,16,0,0,0,0,115,420
116,5,116,0,112,1,116,0,0,0,0,0,0,1,0,0,0,0,0,0,0,0,0,0,1,5,5,5,0,0,0,0,0,0,0,0,0,0,0,0,0,0,0,0,0,0,0,0,0,0,2,1,0,0.1,2,255,0,0,100,0,0,0,0,2,0,0,0,0,0,0,0,0,0,1,0,0,0,0,0,0,0,0,0,0,0,0,16,16,0,0,0,0,116,420
117,5,117,0,0,0,117,0,4,0,0,0,0,1,0,0,0,0,0,0,0,0,0,0,1,2.5,2.5,2.5,0,20,23.657588143357206,0,0,0,0,0,0,0,0,0,0,0,0,0,0,0,0,0,0,0,0,1,0,0.1,0,50,101,101,100,0,0,0,0,0,0,0,0,0,0,0,0,0,0,1,0,0,0,0,0,0,0,0,0,0,0,0,16,16,0,0,0,0,117,420
118,5,118,0,117,1,118,0,0,0,0,0,0,1,0,0,0,0,0,0,0,0,0,0,1,5,5,5,0,0,0,0,0,0,0,0,0,0,0,0,0,0,0,0,0,0,0,0,0,0,0,1,0,0.1,7,0,255,255,100,0,0,0,0,1,0,0,0,0,0,0,0,0,0,1,0,0,0,0,0,0,0,0,0,0,0,0,16,16,0,0,0,0,118,420
119,5,119,0,117,1,119,0,0,0,0,0,0,1,0,0,0,0,0,0,0,0,0,0,1,0,0,0,0,0,0,0,0,0,0,0,0,0,0,0,0,0,0,0,0,0,0,0,0,0,0,1,0,0.1,7,0,255,255,100,0,0,0,0,1,0,0,0,0,0,0,0,0,0,1,0,0,0,0,0,0,0,0,0,0,0,0,16,16,0,0,0,0,119,420
120,5,120,0,117,1,120,0,0,0,0,0,0,1,0,0,0,0,0,0,0,0,0,0,1,0,0,0,0,0,0,0,0,0,0,0,0,0,0,0,0,0,0,0,0,0,0,0,0,0,0,1,0,0.1,7,0,255,255,100,0,0,0,0,1,0,0,0,0,0,0,0,0,0,1,0,0,0,0,0,0,0,0,0,0,0,0,16,16,0,0,0,0,120,420
121,5,121,0,117,1,121,0,0,0,0,0,0,1,0,0,0,0,0,0,0,0,0,0,1,0,0,0,0,0,0,0,0,0,0,0,0,0,0,0,0,0,0,0,0,0,0,0,0,0,0,1,0,0.1,7,0,255,255,100,0,0,0,0,1,0,0,0,0,0,0,0,0,0,1,0,0,0,0,0,0,0,0,0,0,0,0,16,16,0,0,0,0,121,420
122,5,122,0,0,0,122,0,4,0,0,0,0,1,0,0,0,0,0,0,0,0,0,0,1,2.5,2.5,2.5,0,20,23.657588143357206,0,0,0,0,0,0,0,0,0,0,0,0,0,0,0,0,0,0,0,0,1,0,0.1,0,50,101,101,100,0,0,0,0,0,0,0,0,0,0,0,0,0,0,1,0,0,0,0,0,0,0,0,0,0,0,0,16,16,0,0,0,0,122,420
123,5,123,0,122,1,123,0,0,0,0,0,0,1,0,0,0,0,0,0,0,0,0,0,1,2.6119402985074625,2.6119402985074625,2.6119402985074625,0,0,0,0,0,0,0,0,0,0,0,0,0,0,0,0,0,0,0,0,0,0,9,1,0,0.1,8,255,0,255,100,0,0,0,0,3,0,0,0,0,0,0,0,0,0,1,0,0,0,0,0,0,0,0,0,0,0,0,16,16,0,0,0,0,123,420
124,5,124,0,122,1,124,0,0,0,0,0,0,1,0,0,0,0,0,0,0,0,0,0,1,1.1718749999999996,1.1718749999999996,1.1718749999999996,0,0,0,0,0,0,0,0,0,0,0,0,0,0,0,0,0,0,0,0,0,0,9,1,0,0.1,8,255,0,255,100,0,0,0,0,3,0,0,0,0,0,0,0,0,0,1,0,0,0,0,0,0,0,0,0,0,0,0,16,16,0,0,0,0,124,420
125,5,125,0,122,1,125,0,0,0,0,0,0,1,0,0,0,0,0,0,0,0,0,0,1,0,0,0,0,0,0,0,0,0,0,0,0,0,0,0,0,0,0,0,0,0,0,0,0,0,9,1,0,0.1,8,255,0,255,100,0,0,0,0,3,0,0,0,0,0,0,0,0,0,1,0,0,0,0,0,0,0,0,0,0,0,0,16,16,0,0,0,0,125,420
126,5,126,0,122,1,126,0,0,0,0,0,0,1,0,0,0,0,0,0,0,0,0,0,1,4.045454545454547,4.045454545454547,4.045454545454547,0,0,0,0,0,0,0,0,0,0,0,0,0,0,0,0,0,0,0,0,0,0,9,1,0,0.1,8,255,0,255,100,0,0,0,0,3,0,0,0,0,0,0,0,0,0,1,0,0,0,0,0,0,0,0,0,0,0,0,16,16,0,0,0,0,126,420
127,5,127,0,0,0,127,0,3,0,0,0,0,1,0,0,0,0,0,0,0,0,0,0,1,2.5,2.5,2.5,0,20,23.657588143357206,0,0,0,0,0,0,0,0,0,0,0,0,0,0,0,0,0,0,0,0,1,0,0.1,0,50,101,101,100,0,0,0,0,0,0,0,0,0,0,0,0,0,0,1,0,0,0,0,0,0,0,0,0,0,0,0,16,16,0,0,0,0,127,420
128,5,128,0,127,1,128,0,0,0,0,0,0,1,0,0,0,0,0,0,0,0,0,0,1,3.9795918367346936,3.9795918367346936,3.9795918367346936,0,0,0,0,0,0,0,0,0,0,0,0,0,0,0,0,0,0,0,0,0,0,6,1,0,0.1,12,0,152,255,100,0,0,0,0,2,0,0,0,0,0,0,0,0,0,1,0,0,0,0,0,0,0,0,0,0,0,0,16,16,0,0,0,0,128,420
129,5,129,0,127,1,129,0,0,0,0,0,0,1,0,0,0,0,0,0,0,0,0,0,1,4.206349206349206,4.206349206349206,4.206349206349206,0,0,0,0,0,0,0,0,0,0,0,0,0,0,0,0,0,0,0,0,0,0,6,1,0,0.1,12,0,152,255,100,0,0,0,0,2,0,0,0,0,0,0,0,0,0,1,0,0,0,0,0,0,0,0,0,0,0,0,16,16,0,0,0,0,129,420
130,5,130,0,127,1,130,0,0,0,0,0,0,1,0,0,0,0,0,0,0,0,0,0,1,0.8000000000000004,0.8000000000000004,0.8000000000000004,0,0,0,0,0,0,0,0,0,0,0,0,0,0,0,0,0,0,0,0,0,0,6,1,0,0.1,12,0,152,255,100,0,0,0,0,2,0,0,0,0,0,0,0,0,0,1,0,0,0,0,0,0,0,0,0,0,0,0,16,16,0,0,0,0,130,420
131,5,131,0,0,0,131,0,5,0,0,0,0,1,0,0,0,0,0,0,0,0,0,0,1,2.5,2.5,2.5,20,0,13.961455022107465,0,0,0,0,0,0,0,0,0,0,0,0,0,0,0,0,0,0,0,0,1,0,0.1,0,50,101,101,100,0,0,0,0,0,0,0,0,0,0,0,0,0,0,1,0,0,0,0,0,0,0,0,0,0,0,0,16,16,0,0,0,0,131,420
132,5,132,0,131,1,132,0,0,0,0,0,0,1,0,0,0,0,0,0,0,0,0,0,1,NaN,NaN,NaN,0,0,0,0,0,0,0,0,0,0,0,0,0,0,0,0,0,0,0,0,0,0,5,1,0,0.1,4,255,255,0,100,0,0,0,0,4,0,0,0,0,0,0,0,0,0,1,0,0,0,0,0,0,0,0,0,0,0,0,16,16,0,0,0,0,132,420
133,5,133,0,131,1,133,0,0,0,0,0,0,1,0,0,0,0,0,0,0,0,0,0,1,NaN,NaN,NaN,0,0,0,0,0,0,0,0,0,0,0,0,0,0,0,0,0,0,0,0,0,0,5,1,0,0.1,4,255,255,0,100,0,0,0,0,4,0,0,0,0,0,0,0,0,0,1,0,0,0,0,0,0,0,0,0,0,0,0,16,16,0,0,0,0,133,420
134,5,134,0,131,1,134,0,0,0,0,0,0,1,0,0,0,0,0,0,0,0,0,0,1,NaN,NaN,NaN,0,0,0,0,0,0,0,0,0,0,0,0,0,0,0,0,0,0,0,0,0,0,5,1,0,0.1,4,255,255,0,100,0,0,0,0,4,0,0,0,0,0,0,0,0,0,1,0,0,0,0,0,0,0,0,0,0,0,0,16,16,0,0,0,0,134,420
135,5,135,0,131,1,135,0,0,0,0,0,0,1,0,0,0,0,0,0,0,0,0,0,1,NaN,NaN,NaN,0,0,0,0,0,0,0,0,0,0,0,0,0,0,0,0,0,0,0,0,0,0,5,1,0,0.1,4,255,255,0,100,0,0,0,0,4,0,0,0,0,0,0,0,0,0,1,0,0,0,0,0,0,0,0,0,0,0,0,16,16,0,0,0,0,135,420
136,5,136,0,131,1,136,0,0,0,0,0,0,1,0,0,0,0,0,0,0,0,0,0,1,NaN,NaN,NaN,0,0,0,0,0,0,0,0,0,0,0,0,0,0,0,0,0,0,0,0,0,0,5,1,0,0.1,4,255,255,0,100,0,0,0,0,4,0,0,0,0,0,0,0,0,0,1,0,0,0,0,0,0,0,0,0,0,0,0,16,16,0,0,0,0,136,420
137,5,137,0,0,0,137,0,5,0,0,0,0,1,0,0,0,0,0,0,0,0,0,0,1,2.5,2.5,2.5,20,0,13.961455022107465,0,0,0,0,0,0,0,0,0,0,0,0,0,0,0,0,0,0,0,0,1,0,0.1,0,50,101,101,100,0,0,0,0,0,0,0,0,0,0,0,0,0,0,1,0,0,0,0,0,0,0,0,0,0,0,0,16,16,0,0,0,0,137,420
138,5,138,0,137,1,138,0,0,0,0,0,0,1,0,0,0,0,0,0,0,0,0,0,1,NaN,NaN,NaN,0,0,0,0,0,0,0,0,0,0,0,0,0,0,0,0,0,0,0,0,0,0,8,1,0,0.1,1,0,255,0,100,0,0,0,0,3,0,0,0,0,0,0,0,0,0,1,0,0,0,0,0,0,0,0,0,0,0,0,16,16,0,0,0,0,138,420
139,5,139,0,137,1,139,0,0,0,0,0,0,1,0,0,0,0,0,0,0,0,0,0,1,NaN,NaN,NaN,0,0,0,0,0,0,0,0,0,0,0,0,0,0,0,0,0,0,0,0,0,0,8,1,0,0.1,1,0,255,0,100,0,0,0,0,3,0,0,0,0,0,0,0,0,0,1,0,0,0,0,0,0,0,0,0,0,0,0,16,16,0,0,0,0,139,420
140,5,140,0,137,1,140,0,0,0,0,0,0,1,0,0,0,0,0,0,0,0,0,0,1,NaN,NaN,NaN,0,0,0,0,0,0,0,0,0,0,0,0,0,0,0,0,0,0,0,0,0,0,8,1,0,0.1,1,0,255,0,100,0,0,0,0,3,0,0,0,0,0,0,0,0,0,1,0,0,0,0,0,0,0,0,0,0,0,0,16,16,0,0,0,0,140,420
141,5,141,0,137,1,141,0,0,0,0,0,0,1,0,0,0,0,0,0,0,0,0,0,1,NaN,NaN,NaN,0,0,0,0,0,0,0,0,0,0,0,0,0,0,0,0,0,0,0,0,0,0,8,1,0,0.1,1,0,255,0,100,0,0,0,0,3,0,0,0,0,0,0,0,0,0,1,0,0,0,0,0,0,0,0,0,0,0,0,16,16,0,0,0,0,141,420
142,5,142,0,137,1,142,0,0,0,0,0,0,1,0,0,0,0,0,0,0,0,0,0,1,NaN,NaN,NaN,0,0,0,0,0,0,0,0,0,0,0,0,0,0,0,0,0,0,0,0,0,0,8,1,0,0.1,1,0,255,0,100,0,0,0,0,3,0,0,0,0,0,0,0,0,0,1,0,0,0,0,0,0,0,0,0,0,0,0,16,16,0,0,0,0,142,420
143,5,143,0,0,0,143,0,4,0,0,0,0,1,0,0,0,0,0,0,0,0,0,0,1,2.5,2.5,2.5,20,0,13.961455022107465,0,0,0,0,0,0,0,0,0,0,0,0,0,0,0,0,0,0,0,0,1,0,0.1,0,50,101,101,100,0,0,0,0,0,0,0,0,0,0,0,0,0,0,1,0,0,0,0,0,0,0,0,0,0,0,0,16,16,0,0,0,0,143,420
144,5,144,0,143,1,144,0,0,0,0,0,0,1,0,0,0,0,0,0,0,0,0,0,1,NaN,NaN,NaN,0,0,0,0,0,0,0,0,0,0,0,0,0,0,0,0,0,0,0,0,0,0,2,1,0,0.1,2,255,0,0,100,0,0,0,0,2,0,0,0,0,0,0,0,0,0,1,0,0,0,0,0,0,0,0,0,0,0,0,16,16,0,0,0,0,144,420
145,5,145,0,143,1,145,0,0,0,0,0,0,1,0,0,0,0,0,0,0,0,0,0,1,NaN,NaN,NaN,0,0,0,0,0,0,0,0,0,0,0,0,0,0,0,0,0,0,0,0,0,0,2,1,0,0.1,2,255,0,0,100,0,0,0,0,2,0,0,0,0,0,0,0,0,0,1,0,0,0,0,0,0,0,0,0,0,0,0,16,16,0,0,0,0,145,420
146,5,146,0,143,1,146,0,0,0,0,0,0,1,0,0,0,0,0,0,0,0,0,0,1,NaN,NaN,NaN,0,0,0,0,0,0,0,0,0,0,0,0,0,0,0,0,0,0,0,0,0,0,2,1,0,0.1,2,255,0,0,100,0,0,0,0,2,0,0,0,0,0,0,0,0,0,1,0,0,0,0,0,0,0,0,0,0,0,0,16,16,0,0,0,0,146,420
147,5,147,0,143,1,147,0,0,0,0,0,0,1,0,0,0,0,0,0,0,0,0,0,1,NaN,NaN,NaN,0,0,0,0,0,0,0,0,0,0,0,0,0,0,0,0,0,0,0,0,0,0,2,1,0,0.1,2,255,0,0,100,0,0,0,0,2,0,0,0,0,0,0,0,0,0,1,0,0,0,0,0,0,0,0,0,0,0,0,16,16,0,0,0,0,147,420
148,5,148,0,0,0,148,0,4,0,0,0,0,1,0,0,0,0,0,0,0,0,0,0,1,2.5,2.5,2.5,20,0,13.961455022107465,0,0,0,0,0,0,0,0,0,0,0,0,0,0,0,0,0,0,0,0,1,0,0.1,0,50,101,101,100,0,0,0,0,0,0,0,0,0,0,0,0,0,0,1,0,0,0,0,0,0,0,0,0,0,0,0,16,16,0,0,0,0,148,420
149,5,149,0,148,1,149,0,0,0,0,0,0,1,0,0,0,0,0,0,0,0,0,0,1,NaN,NaN,NaN,0,0,0,0,0,0,0,0,0,0,0,0,0,0,0,0,0,0,0,0,0,0,0,1,0,0.1,7,0,255,255,100,0,0,0,0,1,0,0,0,0,0,0,0,0,0,1,0,0,0,0,0,0,0,0,0,0,0,0,16,16,0,0,0,0,149,420
150,5,150,0,148,1,150,0,0,0,0,0,0,1,0,0,0,0,0,0,0,0,0,0,1,NaN,NaN,NaN,0,0,0,0,0,0,0,0,0,0,0,0,0,0,0,0,0,0,0,0,0,0,0,1,0,0.1,7,0,255,255,100,0,0,0,0,1,0,0,0,0,0,0,0,0,0,1,0,0,0,0,0,0,0,0,0,0,0,0,16,16,0,0,0,0,150,420
151,5,151,0,148,1,151,0,0,0,0,0,0,1,0,0,0,0,0,0,0,0,0,0,1,NaN,NaN,NaN,0,0,0,0,0,0,0,0,0,0,0,0,0,0,0,0,0,0,0,0,0,0,0,1,0,0.1,7,0,255,255,100,0,0,0,0,1,0,0,0,0,0,0,0,0,0,1,0,0,0,0,0,0,0,0,0,0,0,0,16,16,0,0,0,0,151,420
152,5,152,0,148,1,152,0,0,0,0,0,0,1,0,0,0,0,0,0,0,0,0,0,1,NaN,NaN,NaN,0,0,0,0,0,0,0,0,0,0,0,0,0,0,0,0,0,0,0,0,0,0,0,1,0,0.1,7,0,255,255,100,0,0,0,0,1,0,0,0,0,0,0,0,0,0,1,0,0,0,0,0,0,0,0,0,0,0,0,16,16,0,0,0,0,152,420
153,5,153,0,0,0,153,0,4,0,0,0,0,1,0,0,0,0,0,0,0,0,0,0,1,2.5,2.5,2.5,20,0,13.961455022107465,0,0,0,0,0,0,0,0,0,0,0,0,0,0,0,0,0,0,0,0,1,0,0.1,0,50,101,101,100,0,0,0,0,0,0,0,0,0,0,0,0,0,0,1,0,0,0,0,0,0,0,0,0,0,0,0,16,16,0,0,0,0,153,420
154,5,154,0,153,1,154,0,0,0,0,0,0,1,0,0,0,0,0,0,0,0,0,0,1,NaN,NaN,NaN,0,0,0,0,0,0,0,0,0,0,0,0,0,0,0,0,0,0,0,0,0,0,9,1,0,0.1,8,255,0,255,100,0,0,0,0,3,0,0,0,0,0,0,0,0,0,1,0,0,0,0,0,0,0,0,0,0,0,0,16,16,0,0,0,0,154,420
155,5,155,0,153,1,155,0,0,0,0,0,0,1,0,0,0,0,0,0,0,0,0,0,1,NaN,NaN,NaN,0,0,0,0,0,0,0,0,0,0,0,0,0,0,0,0,0,0,0,0,0,0,9,1,0,0.1,8,255,0,255,100,0,0,0,0,3,0,0,0,0,0,0,0,0,0,1,0,0,0,0,0,0,0,0,0,0,0,0,16,16,0,0,0,0,155,420
156,5,156,0,153,1,156,0,0,0,0,0,0,1,0,0,0,0,0,0,0,0,0,0,1,NaN,NaN,NaN,0,0,0,0,0,0,0,0,0,0,0,0,0,0,0,0,0,0,0,0,0,0,9,1,0,0.1,8,255,0,255,100,0,0,0,0,3,0,0,0,0,0,0,0,0,0,1,0,0,0,0,0,0,0,0,0,0,0,0,16,16,0,0,0,0,156,420
157,5,157,0,153,1,157,0,0,0,0,0,0,1,0,0,0,0,0,0,0,0,0,0,1,NaN,NaN,NaN,0,0,0,0,0,0,0,0,0,0,0,0,0,0,0,0,0,0,0,0,0,0,9,1,0,0.1,8,255,0,255,100,0,0,0,0,3,0,0,0,0,0,0,0,0,0,1,0,0,0,0,0,0,0,0,0,0,0,0,16,16,0,0,0,0,157,420
158,5,158,0,0,0,158,0,3,0,0,0,0,1,0,0,0,0,0,0,0,0,0,0,1,2.5,2.5,2.5,20,0,13.961455022107465,0,0,0,0,0,0,0,0,0,0,0,0,0,0,0,0,0,0,0,0,1,0,0.1,0,50,101,101,100,0,0,0,0,0,0,0,0,0,0,0,0,0,0,1,0,0,0,0,0,0,0,0,0,0,0,0,16,16,0,0,0,0,158,420
159,5,159,0,158,1,159,0,0,0,0,0,0,1,0,0,0,0,0,0,0,0,0,0,1,NaN,NaN,NaN,0,0,0,0,0,0,0,0,0,0,0,0,0,0,0,0,0,0,0,0,0,0,6,1,0,0.1,12,0,152,255,100,0,0,0,0,2,0,0,0,0,0,0,0,0,0,1,0,0,0,0,0,0,0,0,0,0,0,0,16,16,0,0,0,0,159,420
160,5,160,0,158,1,160,0,0,0,0,0,0,1,0,0,0,0,0,0,0,0,0,0,1,NaN,NaN,NaN,0,0,0,0,0,0,0,0,0,0,0,0,0,0,0,0,0,0,0,0,0,0,6,1,0,0.1,12,0,152,255,100,0,0,0,0,2,0,0,0,0,0,0,0,0,0,1,0,0,0,0,0,0,0,0,0,0,0,0,16,16,0,0,0,0,160,420
161,5,161,0,158,1,161,0,0,0,0,0,0,1,0,0,0,0,0,0,0,0,0,0,1,NaN,NaN,NaN,0,0,0,0,0,0,0,0,0,0,0,0,0,0,0,0,0,0,0,0,0,0,6,1,0,0.1,12,0,152,255,100,0,0,0,0,2,0,0,0,0,0,0,0,0,0,1,0,0,0,0,0,0,0,0,0,0,0,0,16,16,0,0,0,0,161,420
